id,text,asr,cer,wer,ss,ss_wavlm,utmos,es,emo_ref,emo_out,emo_match,dur,gen_time,rtf,wav
esd_0012_neutral_0,Cậu có biết hôm nay là ngày gì không?,Cậu có biết hôm nay là ng ngày gì không?,0.0833,0.1111,0.4885,0.7196,3.361,0.9163,neutral,neutral,1.0,1.834,1.6645538520533592,0.9074,results/tts/emo_r3p_9200/wavs/esd_0012_neutral_0.wav
esd_0012_neutral_1,Mọi người đều đã về nhà hết rồi.,Mọi người đều đã về nhà hết rồi.,0.0,0.0,0.4797,0.8482,2.743,0.6499,neutral,neutral,1.0,1.869,0.9514895759057254,0.509,results/tts/emo_r3p_9200/wavs/esd_0012_neutral_1.wav
esd_0012_sadness_0,Cậu có biết hôm nay là ngày gì không?,Cậu có biết hôm nay là ngày gì không?,0.0,0.0,0.4898,0.9187,2.96,0.6755,sad,sad,1.0,2.276,0.975606556981802,0.4287,results/tts/emo_r3p_9200/wavs/esd_0012_sadness_0.wav
esd_0012_sadness_1,Mọi người đều đã về nhà hết rồi.,Mọi người đều đã về nhà hết rồi.,0.0,0.0,0.5712,0.9152,2.809,0.6175,sad,sad,1.0,2.032,0.9917890470242128,0.4881,results/tts/emo_r3p_9200/wavs/esd_0012_sadness_1.wav
esd_0012_surprise_0,Cậu có biết hôm nay là ngày gì không?,Cậu có biết hôm nay là ngày gì không?,0.0,0.0,0.5439,0.9352,1.789,0.7581,surprised,surprised,1.0,2.276,0.9708345329854637,0.4266,results/tts/emo_r3p_9200/wavs/esd_0012_surprise_0.wav
esd_0012_surprise_1,Mọi người đều đã về nhà hết rồi.,Mọi người đều đã về nhà h hết rồi.,0.0645,0.125,0.4612,0.81,1.789,0.3469,surprised,angry,0.0,1.753,0.886755921994336,0.5058,results/tts/emo_r3p_9200/wavs/esd_0012_surprise_1.wav
esd_0013_anger_0,Đây là lần đầu tiên tôi nhìn thấy nó.,Đây là lần đầu tiên tôi nhìn thấy nó.,0.0,0.0,0.4075,0.4465,2.514,0.9092,angry,angry,1.0,2.276,0.9637166680768132,0.4235,results/tts/emo_r3p_9200/wavs/esd_0013_anger_0.wav
esd_0013_anger_1,Bố mẹ sẽ đến thăm chúng ta vào cuối tuần này.,Mố mẹ sẽ đến thăm chúng ta vào cuối tuần này.,0.0227,0.0909,0.4006,0.6253,2.847,0.8629,angry,angry,1.0,2.705,1.1722159329801798,0.4333,results/tts/emo_r3p_9200/wavs/esd_0013_anger_1.wav
esd_0013_happiness_0,Đây là lần đầu tiên tôi nhìn thấy nó.,Đấy là lần đầu tiên tôi nhìn thấy nó.,0.0278,0.1111,0.4283,0.5887,2.467,0.9067,happy,happy,1.0,2.31,0.954831957933493,0.4133,results/tts/emo_r3p_9200/wavs/esd_0013_happiness_0.wav
esd_0013_happiness_1,Bố mẹ sẽ đến thăm chúng ta vào cuối tuần này.,Bố mẹ sẽ đến thăm chúng ta vào cuối tuần này.,0.0,0.0,0.5007,0.7272,2.788,0.7143,happy,angry,0.0,2.833,1.1387230859836563,0.402,results/tts/emo_r3p_9200/wavs/esd_0013_happiness_1.wav
esd_0013_neutral_0,Đây là lần đầu tiên tôi nhìn thấy nó.,Đây là lần đầu tiên tôi nhìn thấy nó.,0.0,0.0,0.5261,0.5696,2.369,0.8371,neutral,neutral,1.0,1.916,0.9257813990116119,0.4833,results/tts/emo_r3p_9200/wavs/esd_0013_neutral_0.wav
esd_0013_neutral_1,Bố mẹ sẽ đến thăm chúng ta vào cuối tuần này.,Bố mẹ sẽ đến thăm chúng ta vào cuối tuần này.,0.0,0.0,0.4262,0.5626,3.307,0.9469,neutral,neutral,1.0,2.589,1.0789015520131215,0.4167,results/tts/emo_r3p_9200/wavs/esd_0013_neutral_1.wav
esd_0013_sadness_0,Đây là lần đầu tiên tôi nhìn thấy nó.,Đây là lần đầu tiên tôi nhìn thấy nó.,0.0,0.0,0.4244,0.5347,2.171,0.5455,sad,angry,0.0,2.276,1.0289708609925583,0.4522,results/tts/emo_r3p_9200/wavs/esd_0013_sadness_0.wav
esd_0013_sadness_1,Bố mẹ sẽ đến thăm chúng ta vào cuối tuần này.,Bố mẹ sẽ đến thăm chúng ta vào cuối tuần này.,0.0,0.0,0.4507,0.6169,2.784,0.4685,sad,neutral,0.0,2.276,0.9407937759533525,0.4134,results/tts/emo_r3p_9200/wavs/esd_0013_sadness_1.wav
esd_0013_surprise_0,Đây là lần đầu tiên tôi nhìn thấy nó.,Đây là lần đầu tiên tôi nhìn thấy nó.,0.0,0.0,0.6491,0.6119,2.394,0.1702,surprised,angry,0.0,2.473,1.0246872439747676,0.4144,results/tts/emo_r3p_9200/wavs/esd_0013_surprise_0.wav
esd_0013_surprise_1,Bố mẹ sẽ đến thăm chúng ta vào cuối tuần này.,Bố mẹ sẽ đến thăm chúng ta vào cuối tuần này.,0.0,0.0,0.4854,0.6039,1.784,0.4699,surprised,angry,0.0,1.997,1.0210320869227871,0.5113,results/tts/emo_r3p_9200/wavs/esd_0013_surprise_1.wav
esd_0014_anger_0,Tôi không muốn nói về chuyện đó nữa.,Tôi không muốn nói về chuyện đó nữa.,0.0,0.0,0.4162,0.6811,2.372,0.8646,angry,angry,1.0,2.148,0.9859825900057331,0.4591,results/tts/emo_r3p_9200/wavs/esd_0014_anger_0.wav
esd_0014_anger_1,Cô ấy đã gọi điện cho tôi lúc nửa đêm.,Cô ấy đã gọi điện cho tôi lúc nửa đêm.,0.0,0.0,0.4514,0.7774,1.889,0.8479,angry,angry,1.0,2.148,1.0116991059621796,0.471,results/tts/emo_r3p_9200/wavs/esd_0014_anger_1.wav
esd_0014_happiness_0,Tôi không muốn nói về chuyện đó nữa.,Tôi không muốn nói về chuyện đó nữa.,0.0,0.0,0.4185,0.6876,2.925,0.8477,happy,surprised,0.0,1.591,0.7385641928995028,0.4643,results/tts/emo_r3p_9200/wavs/esd_0014_happiness_0.wav
esd_0014_happiness_1,Cô ấy đã gọi điện cho tôi lúc nửa đêm.,Cô ấy đã gọi điện cho tôi lúc nửa đêm.,0.0,0.0,0.5355,0.6144,1.937,0.9233,happy,happy,1.0,2.914,1.1791812360752374,0.4046,results/tts/emo_r3p_9200/wavs/esd_0014_happiness_1.wav
esd_0014_neutral_0,Tôi không muốn nói về chuyện đó nữa.,Tôi không muốn nói về chuyện đó nữa.,0.0,0.0,0.5491,0.7034,3.556,0.7562,neutral,sad,0.0,3.03,1.1549685740610585,0.3812,results/tts/emo_r3p_9200/wavs/esd_0014_neutral_0.wav
esd_0014_neutral_1,Cô ấy đã gọi điện cho tôi lúc nửa đêm.,Cô ấy đã gọi điện cho tôi lúc nửa đêm.,0.0,0.0,0.4667,0.6878,2.755,0.9571,neutral,neutral,1.0,2.635,0.9729130199411884,0.3692,results/tts/emo_r3p_9200/wavs/esd_0014_neutral_1.wav
esd_0014_sadness_0,Tôi không muốn nói về chuyện đó nữa.,Tôi không muốn nói về chuyện đó nữa.,0.0,0.0,0.474,0.6249,2.77,0.5877,sad,sad,1.0,2.032,0.8585915050935,0.4226,results/tts/emo_r3p_9200/wavs/esd_0014_sadness_0.wav
esd_0014_sadness_1,Cô ấy đã gọi điện cho tôi lúc nửa đêm.,Cô ấy đã gọi điện cho tôi lúc nửa đêm.,0.0,0.0,0.4961,0.6751,2.769,0.7761,sad,sad,1.0,2.67,1.134162461035885,0.4247,results/tts/emo_r3p_9200/wavs/esd_0014_sadness_1.wav
esd_0014_surprise_0,Tôi không muốn nói về chuyện đó nữa.,Tôi không muốn nói về chuyện đó nữa.,0.0,0.0,0.5394,0.6416,3.126,0.2694,surprised,happy,0.0,2.194,0.9777675539953634,0.4456,results/tts/emo_r3p_9200/wavs/esd_0014_surprise_0.wav
esd_0014_surprise_1,Cô ấy đã gọi điện cho tôi lúc nửa đêm.,Cô ấy đã gọi điện cho tôi lúc nửa đêm.,0.0,0.0,0.4853,0.684,2.266,0.5408,surprised,surprised,1.0,2.473,1.0747281879885122,0.4346,results/tts/emo_r3p_9200/wavs/esd_0014_surprise_1.wav
esd_0015_anger_0,Anh không ngờ mọi chuyện lại thành ra như thế này.,Anh không ngờ mọi chuyện lại thanh gia như thế này.,0.0612,0.1818,0.6042,0.8641,4.075,0.6657,angry,happy,0.0,2.508,0.9829063159413636,0.3919,results/tts/emo_r3p_9200/wavs/esd_0015_anger_0.wav
esd_0015_anger_1,Chúng ta phải rời khỏi đây trước khi trời tối.,Chúng ta phải rời khỏi đây trước khi trời tối.,0.0,0.0,0.4185,0.6292,3.072,0.7107,angry,angry,1.0,2.276,0.9485285450937226,0.4168,results/tts/emo_r3p_9200/wavs/esd_0015_anger_1.wav
esd_0015_happiness_0,Anh không ngờ mọi chuyện lại thành ra như thế này.,Anh không ngờ mọi chuyện l lại thành ra như thế này.,0.0408,0.0909,0.5893,0.8032,3.614,0.737,happy,happy,1.0,2.148,0.9122984739951789,0.4248,results/tts/emo_r3p_9200/wavs/esd_0015_happiness_0.wav
esd_0015_happiness_1,Chúng ta phải rời khỏi đây trước khi trời tối.,Chúng ta phải rời khỏi đây trước khi trời tối.,0.0,0.0,0.467,0.7373,3.449,0.8508,happy,happy,1.0,2.635,1.0681976369814947,0.4053,results/tts/emo_r3p_9200/wavs/esd_0015_happiness_1.wav
esd_0015_neutral_0,Anh không ngờ mọi chuyện lại thành ra như thế này.,Anh không ngờ mọi chuyện lại thành ra như thế này.,0.0,0.0,0.5732,0.729,4.133,0.7554,neutral,neutral,1.0,2.995,1.0305917729856446,0.3441,results/tts/emo_r3p_9200/wavs/esd_0015_neutral_0.wav
esd_0015_neutral_1,Chúng ta phải rời khỏi đây trước khi trời tối.,Chúng ta phải rời khỏi đây trước khi trời tối.,0.0,0.0,0.502,0.7425,4.012,0.9058,neutral,neutral,1.0,2.473,1.0226166989887133,0.4135,results/tts/emo_r3p_9200/wavs/esd_0015_neutral_1.wav
esd_0015_sadness_0,Anh không ngờ mọi chuyện lại thành ra như thế này.,Anh không ngờ mọi chuyện lại thành ra như thế này.,0.0,0.0,0.5527,0.8333,3.881,0.9652,sad,sad,1.0,3.111,1.1328254491090775,0.3641,results/tts/emo_r3p_9200/wavs/esd_0015_sadness_0.wav
esd_0015_sadness_1,Chúng ta phải rời khỏi đây trước khi trời tối.,Chúng ta phải rời khỏi đây trước khi trời tối.,0.0,0.0,0.4454,0.7387,3.933,0.4228,sad,neutral,0.0,2.392,1.023849469027482,0.4281,results/tts/emo_r3p_9200/wavs/esd_0015_sadness_1.wav
esd_0015_surprise_0,Anh không ngờ mọi chuyện lại thành ra như thế này.,Anh không ngờ mọi chuyện lại thành ra như thế này.,0.0,0.0,0.5161,0.8348,2.846,0.3897,surprised,happy,0.0,2.392,0.9643594319932163,0.4032,results/tts/emo_r3p_9200/wavs/esd_0015_surprise_0.wav
esd_0015_surprise_1,Chúng ta phải rời khỏi đây trước khi trời tối.,Chúng ta phải rời khỏi đây trước khi trời tối.,0.0,0.0,0.4414,0.6182,3.528,0.9189,surprised,surprised,1.0,2.426,0.8589535880601034,0.354,results/tts/emo_r3p_9200/wavs/esd_0015_surprise_1.wav
esd_0016_anger_0,Em đã đợi anh ở đây suốt cả buổi chiều.,Em đã đợi anh ở đây suốt cả buổi chiều.,0.0,0.0,0.385,0.7239,2.332,0.4689,angry,happy,0.0,2.148,0.9494389569154009,0.442,results/tts/emo_r3p_9200/wavs/esd_0016_anger_0.wav
esd_0016_anger_1,Tôi vừa nhận được tin từ bệnh viện.,Tôi vội nhận được tin từ bệnh viện.,0.0588,0.125,0.4647,0.802,2.17,0.9393,angry,angry,1.0,1.869,0.8607875069137663,0.4605,results/tts/emo_r3p_9200/wavs/esd_0016_anger_1.wav
esd_0016_happiness_0,Em đã đợi anh ở đây suốt cả buổi chiều.,Em đã đợi anh ở đây suốt cả buổi chiều.,0.0,0.0,0.496,0.7436,3.528,0.8653,happy,happy,1.0,2.276,0.9680477459914982,0.4254,results/tts/emo_r3p_9200/wavs/esd_0016_happiness_0.wav
esd_0016_happiness_1,Tôi vừa nhận được tin từ bệnh viện.,Tôi vừa nhận được tin tôi bệnh viện.,0.0588,0.125,0.4391,0.7908,2.943,0.5118,happy,angry,0.0,1.834,0.9265063890488818,0.5051,results/tts/emo_r3p_9200/wavs/esd_0016_happiness_1.wav
esd_0016_neutral_0,Em đã đợi anh ở đây suốt cả buổi chiều.,Em đã đẩy anh ở đây suốt cả buổi chiều.,0.0526,0.1,0.4258,0.6877,2.701,0.5811,neutral,neutral,1.0,2.148,0.9681739519583061,0.4508,results/tts/emo_r3p_9200/wavs/esd_0016_neutral_0.wav
esd_0016_neutral_1,Tôi vừa nhận được tin từ bệnh viện.,Tôi vừa nhận được tin từ bệnh viện.,0.0,0.0,0.4965,0.6931,3.108,0.6918,neutral,neutral,1.0,1.788,0.8984999950043857,0.5025,results/tts/emo_r3p_9200/wavs/esd_0016_neutral_1.wav
esd_0016_sadness_0,Em đã đợi anh ở đây suốt cả buổi chiều.,Em đã đợi anh ở đây suốt cả buổi chiều.,0.0,0.0,0.6181,0.8032,3.833,0.8298,sad,sad,1.0,2.276,1.0229828750016168,0.4496,results/tts/emo_r3p_9200/wavs/esd_0016_sadness_0.wav
esd_0016_sadness_1,Tôi vừa nhận được tin từ bệnh viện.,Tôi vừa nhận được tin th từ bệnh viện.,0.0882,0.125,0.573,0.6987,3.24,0.5308,sad,neutral,0.0,1.916,0.9167800850700587,0.4786,results/tts/emo_r3p_9200/wavs/esd_0016_sadness_1.wav
esd_0016_surprise_0,Em đã đợi anh ở đây suốt cả buổi chiều.,Em đã đợi anh ở đây suốt cả buổi chiều.,0.0,0.0,0.509,0.7779,3.477,0.0218,surprised,happy,0.0,2.276,0.8979138849535957,0.3946,results/tts/emo_r3p_9200/wavs/esd_0016_surprise_0.wav
esd_0016_surprise_1,Tôi vừa nhận được tin từ bệnh viện.,Tôi vừa nhận được tin từ bệnh viện.,0.0,0.0,0.2866,0.6351,2.647,0.1264,surprised,angry,0.0,1.916,0.8529370280448347,0.4452,results/tts/emo_r3p_9200/wavs/esd_0016_surprise_1.wav
esd_0017_anger_0,Cậu có biết hôm nay là ngày gì không?,Cậu có biết hôm nay là ngày gì không?,0.0,0.0,0.4955,0.8597,2.806,0.9279,angry,angry,1.0,2.194,0.9457260019844398,0.431,results/tts/emo_r3p_9200/wavs/esd_0017_anger_0.wav
esd_0017_anger_1,Mọi người đều đã về nhà hết rồi.,Mọi người đều đã về nhà hết rồi.,0.0,0.0,0.3694,0.7137,2.549,0.6433,angry,surprised,0.0,1.788,0.887805865961127,0.4966,results/tts/emo_r3p_9200/wavs/esd_0017_anger_1.wav
esd_0017_happiness_0,Cậu có biết hôm nay là ngày gì không?,Cậu có biết hôm nay là ngày gì không?,0.0,0.0,0.3989,0.7737,3.369,0.6849,happy,happy,1.0,2.635,0.9901097199181095,0.3757,results/tts/emo_r3p_9200/wavs/esd_0017_happiness_0.wav
esd_0017_happiness_1,Mọi người đều đã về nhà hết rồi.,Mọi người đều đã về nhà hết rồi.,0.0,0.0,0.3855,0.7941,2.683,0.6385,happy,happy,1.0,2.276,0.9276958830887452,0.4077,results/tts/emo_r3p_9200/wavs/esd_0017_happiness_1.wav
esd_0017_neutral_0,Cậu có biết hôm nay là ngày gì không?,Cậu có biết hôm nay là ngày gì không?,0.0,0.0,0.4713,0.6927,3.958,0.9898,neutral,neutral,1.0,2.508,1.0169053350109607,0.4055,results/tts/emo_r3p_9200/wavs/esd_0017_neutral_0.wav
esd_0017_neutral_1,Mọi người đều đã về nhà hết rồi.,Mọi người đều đã về nhà hết rồi.,0.0,0.0,0.4598,0.6787,3.492,0.8027,neutral,neutral,1.0,1.869,0.8878902519354597,0.475,results/tts/emo_r3p_9200/wavs/esd_0017_neutral_1.wav
esd_0017_sadness_0,Cậu có biết hôm nay là ngày gì không?,Cậu có biết hôm nay là ngày gì không?,0.0,0.0,0.4786,0.9123,3.493,0.4872,sad,neutral,0.0,1.869,0.8082962819607928,0.4324,results/tts/emo_r3p_9200/wavs/esd_0017_sadness_0.wav
esd_0017_sadness_1,Mọi người đều đã về nhà hết rồi.,Mọi người đều đã về nhà hết rồi.,0.0,0.0,0.4026,0.773,3.044,0.637,sad,sad,1.0,2.148,0.8381043050903827,0.3902,results/tts/emo_r3p_9200/wavs/esd_0017_sadness_1.wav
esd_0017_surprise_0,Cậu có biết hôm nay là ngày gì không?,Cậu có biết hôm nay là ngày gì không?,0.0,0.0,0.4232,0.7214,2.438,0.5888,surprised,neutral,0.0,2.148,0.9341377989621833,0.4349,results/tts/emo_r3p_9200/wavs/esd_0017_surprise_0.wav
esd_0017_surprise_1,Mọi người đều đã về nhà hết rồi.,Mọi người đều đã về nhà h hết rồi.,0.0645,0.125,0.302,0.7592,3.19,0.5533,surprised,happy,0.0,2.473,1.033131669042632,0.4178,results/tts/emo_r3p_9200/wavs/esd_0017_surprise_1.wav
esd_0018_anger_0,Đây là lần đầu tiên tôi nhìn thấy nó.,Đây là lần đầu tiên tôi nhìn thấy nó.,0.0,0.0,0.3855,0.7406,2.033,0.9678,angry,angry,1.0,1.707,0.8765106209320948,0.5136,results/tts/emo_r3p_9200/wavs/esd_0018_anger_0.wav
esd_0018_anger_1,Bố mẹ sẽ đến thăm chúng ta vào cuối tuần này.,Bố mẹ sẽ đến thăm chúng ta vào cuối tuần này.,0.0,0.0,0.509,0.6642,3.191,0.9927,angry,angry,1.0,2.426,0.9377667639637366,0.3865,results/tts/emo_r3p_9200/wavs/esd_0018_anger_1.wav
esd_0018_happiness_0,Đây là lần đầu tiên tôi nhìn thấy nó.,Đây là lần đầu tiên tôi nhìn thấy nó.,0.0,0.0,0.5038,0.6341,2.738,0.4997,happy,happy,1.0,2.194,0.9748366930289194,0.4443,results/tts/emo_r3p_9200/wavs/esd_0018_happiness_0.wav
esd_0018_happiness_1,Bố mẹ sẽ đến thăm chúng ta vào cuối tuần này.,Bố mẹ sẽ đến thăm chúng ta vào cuối tuần này.,0.0,0.0,0.5242,0.6467,2.731,0.7175,happy,happy,1.0,2.276,0.9238013769499958,0.406,results/tts/emo_r3p_9200/wavs/esd_0018_happiness_1.wav
esd_0018_neutral_0,Đây là lần đầu tiên tôi nhìn thấy nó.,Đây là lần đầu tiên tôi nhìn thấy nó.,0.0,0.0,0.5487,0.7134,3.449,0.9335,neutral,neutral,1.0,2.426,1.0081490400480106,0.4155,results/tts/emo_r3p_9200/wavs/esd_0018_neutral_0.wav
esd_0018_neutral_1,Bố mẹ sẽ đến thăm chúng ta vào cuối tuần này.,Bố mẹ sẽ đến thăm chúng ta vào cuối tuần này.,0.0,0.0,0.5377,0.7226,4.106,0.7098,neutral,neutral,1.0,2.473,1.0536156919552013,0.4261,results/tts/emo_r3p_9200/wavs/esd_0018_neutral_1.wav
esd_0018_sadness_0,Đây là lần đầu tiên tôi nhìn thấy nó.,Đây là lần đầu tiên tôi nhìn thấy nó.,0.0,0.0,0.5431,0.7155,2.539,0.5283,sad,neutral,0.0,2.589,1.056883585988544,0.4082,results/tts/emo_r3p_9200/wavs/esd_0018_sadness_0.wav
esd_0018_sadness_1,Bố mẹ sẽ đến thăm chúng ta vào cuối tuần này.,Bố mẹ sẽ đến thăm chúng ta vào cuối tuần nay.,0.0227,0.0909,0.5107,0.701,3.093,0.5667,sad,sad,1.0,2.67,1.1438377969898283,0.4284,results/tts/emo_r3p_9200/wavs/esd_0018_sadness_1.wav
esd_0018_surprise_0,Đây là lần đầu tiên tôi nhìn thấy nó.,Đây là lần đầu tiên tôi nhìn thấy nó.,0.0,0.0,0.4056,0.8041,2.434,0.7873,surprised,happy,0.0,1.95,0.8987508859718218,0.4608,results/tts/emo_r3p_9200/wavs/esd_0018_surprise_0.wav
esd_0018_surprise_1,Bố mẹ sẽ đến thăm chúng ta vào cuối tuần này.,Bố mẹ sẽ đến thăm chúng ta vào cuối tuần này.,0.0,0.0,0.4592,0.6695,2.63,0.8004,surprised,angry,0.0,2.345,0.9119861680082977,0.3889,results/tts/emo_r3p_9200/wavs/esd_0018_surprise_1.wav
esd_0019_anger_0,Tôi không muốn nói về chuyện đó nữa.,Tôi không muốn nói về chuyện đó nữa.,0.0,0.0,0.4046,0.7518,2.653,0.9722,angry,angry,1.0,1.916,0.8518728240160272,0.4447,results/tts/emo_r3p_9200/wavs/esd_0019_anger_0.wav
esd_0019_anger_1,Cô ấy đã gọi điện cho tôi lúc nửa đêm.,Cô ấy đã gọi điện cho tôi lúc nửa đêm.,0.0,0.0,0.4581,0.7756,2.348,0.9598,angry,angry,1.0,2.229,1.0229931939393282,0.4589,results/tts/emo_r3p_9200/wavs/esd_0019_anger_1.wav
esd_0019_happiness_0,Tôi không muốn nói về chuyện đó nữa.,Tôi không muốn nói về chuyện đó nữa.,0.0,0.0,0.3799,0.8733,2.991,0.5867,happy,surprised,0.0,1.753,0.9528241329826415,0.5435,results/tts/emo_r3p_9200/wavs/esd_0019_happiness_0.wav
esd_0019_happiness_1,Cô ấy đã gọi điện cho tôi lúc nửa đêm.,Cô ấy đã gọi điện cho tôi lúc nửa đêm.,0.0,0.0,0.4234,0.6774,2.319,0.9911,happy,happy,1.0,2.752,1.1156905610114336,0.4055,results/tts/emo_r3p_9200/wavs/esd_0019_happiness_1.wav
esd_0019_neutral_0,Tôi không muốn nói về chuyện đó nữa.,Tôi không muốn nói về chuyện đó nữa.,0.0,0.0,0.3887,0.7796,3.383,0.6723,neutral,neutral,1.0,2.345,0.9968597029801458,0.4251,results/tts/emo_r3p_9200/wavs/esd_0019_neutral_0.wav
esd_0019_neutral_1,Cô ấy đã gọi điện cho tôi lúc nửa đêm.,Cô ấy đã gọi điện cho tôi lúc nửa đêm.,0.0,0.0,0.2944,0.7889,2.817,0.9466,neutral,neutral,1.0,2.473,0.9678736879723147,0.3914,results/tts/emo_r3p_9200/wavs/esd_0019_neutral_1.wav
esd_0019_sadness_0,Tôi không muốn nói về chuyện đó nữa.,Tôi không muốn nói về chuyện đó nữa.,0.0,0.0,0.4399,0.8176,3.086,0.7329,sad,sad,1.0,2.31,1.0157425940269604,0.4396,results/tts/emo_r3p_9200/wavs/esd_0019_sadness_0.wav
esd_0019_sadness_1,Cô ấy đã gọi điện cho tôi lúc nửa đêm.,Cô ấy đã gọi điện cho tôi lúc nửa đêm.,0.0,0.0,0.4935,0.8731,3.398,0.4686,sad,happy,0.0,2.752,1.1939368840539828,0.4339,results/tts/emo_r3p_9200/wavs/esd_0019_sadness_1.wav
esd_0019_surprise_0,Tôi không muốn nói về chuyện đó nữa.,Tôi không muốn nói về chuyện đó nữa.,0.0,0.0,0.3269,0.7821,3.155,0.5227,surprised,neutral,0.0,1.916,0.8977568299742416,0.4686,results/tts/emo_r3p_9200/wavs/esd_0019_surprise_0.wav
esd_0019_surprise_1,Cô ấy đã gọi điện cho tôi lúc nửa đêm.,Cô ấy đã gọi điện cho tôi lúc nửa đêm.,0.0,0.0,0.4105,0.6201,3.242,0.4825,surprised,happy,0.0,2.31,1.016824905993417,0.4401,results/tts/emo_r3p_9200/wavs/esd_0019_surprise_1.wav
esd_0020_anger_0,Anh không ngờ mọi chuyện lại thành ra như thế này.,Anh không ngờ mọi chuyện lại thanh gia như thế này.,0.0612,0.1818,0.64,0.7274,3.366,0.7607,angry,angry,1.0,3.03,1.096067282021977,0.3617,results/tts/emo_r3p_9200/wavs/esd_0020_anger_0.wav
esd_0020_anger_1,Chúng ta phải rời khỏi đây trước khi trời tối.,Chúng ta phải rời khỏi đây trước khi trời tối.,0.0,0.0,0.5662,0.7048,2.747,0.6502,angry,angry,1.0,2.67,1.060004360973835,0.397,results/tts/emo_r3p_9200/wavs/esd_0020_anger_1.wav
esd_0020_happiness_0,Anh không ngờ mọi chuyện lại thành ra như thế này.,Anh không ngờ mọi chuyện lại thành ra như thế này.,0.0,0.0,0.4747,0.5627,2.546,0.9555,happy,angry,0.0,2.508,0.9938033749349415,0.3963,results/tts/emo_r3p_9200/wavs/esd_0020_happiness_0.wav
esd_0020_happiness_1,Chúng ta phải rời khỏi đây trước khi trời tối.,Chúng ta phải rời khỏi đây trước khi trời tối.,0.0,0.0,0.4106,0.8265,2.424,0.7668,happy,happy,1.0,2.392,1.051669985987246,0.4397,results/tts/emo_r3p_9200/wavs/esd_0020_happiness_1.wav
esd_0020_neutral_0,Anh không ngờ mọi chuyện lại thành ra như thế này.,Anh không ngờ mọi chuyện lại thành ra như thế này.,0.0,0.0,0.7317,0.7772,3.44,0.6977,neutral,neutral,1.0,3.669,1.2520872700260952,0.3413,results/tts/emo_r3p_9200/wavs/esd_0020_neutral_0.wav
esd_0020_neutral_1,Chúng ta phải rời khỏi đây trước khi trời tối.,Chúng ta phải rời khỏi đây trước khi trời tối.,0.0,0.0,0.5276,0.7594,2.989,0.7655,neutral,neutral,1.0,2.473,0.9878112250007689,0.3995,results/tts/emo_r3p_9200/wavs/esd_0020_neutral_1.wav
esd_0020_sadness_0,Anh không ngờ mọi chuyện lại thành ra như thế này.,Anh không ngờ mọi chuyện lại thành ra như thế này.,0.0,0.0,0.565,0.8605,2.805,0.5876,sad,neutral,0.0,2.635,1.1047115130349994,0.4192,results/tts/emo_r3p_9200/wavs/esd_0020_sadness_0.wav
esd_0020_sadness_1,Chúng ta phải rời khỏi đây trước khi trời tối.,Chúng ta phải rời khỏi đây trước khi trời tối.,0.0,0.0,0.5606,0.8161,2.958,0.4573,sad,neutral,0.0,3.03,1.2219525210093707,0.4033,results/tts/emo_r3p_9200/wavs/esd_0020_sadness_1.wav
esd_0020_surprise_0,Anh không ngờ mọi chuyện lại thành ra như thế này.,Anh không ngờ mọi chuyện lại thành ra như thế này.,0.0,0.0,0.5109,0.7155,3.345,0.7407,surprised,angry,0.0,2.833,1.0687585269333795,0.3773,results/tts/emo_r3p_9200/wavs/esd_0020_surprise_0.wav
esd_0020_surprise_1,Chúng ta phải rời khỏi đây trước khi trời tối.,Chúng ta phải rời khỏi đây trước khi trời tối.,0.0,0.0,0.5478,0.7036,2.908,0.2343,surprised,happy,0.0,2.426,1.003702820977196,0.4136,results/tts/emo_r3p_9200/wavs/esd_0020_surprise_1.wav
