he_thong,cer,cer_n,emo_match,emo_match_n,es,es_n,rtf,rtf_n,ss,ss_n,ss_wavlm,ss_wavlm_n,utmos,utmos_n,wer,wer_n
dec_r2_T0.3,0.0319,100,,,,,0.5382,100,0.7386,100,0.9445,100,2.844,100,0.0656,100
dec_r2_T0.5,0.0318,100,,,,,0.5529,100,0.7353,100,0.9424,100,2.8361,100,0.0697,100
dec_r2_T0.7_beam3,0.0283,100,,,,,0.5072,100,0.7361,100,0.941,100,2.9012,100,0.0676,100
dec_r2_T0.7_rep,0.0375,100,,,,,0.5156,100,0.7367,100,0.9416,100,2.8896,100,0.0881,100
dev3_base,0.6878,100,,,,,0.4366,100,0.6723,100,0.9336,100,3.2342,100,0.9553,100
dev3_r1_lr5e-5_9159,0.0419,100,,,,,0.4844,100,0.737,100,0.943,100,2.8764,100,0.1025,100
dev3_r2_024000,0.0421,100,,,,,0.5087,100,0.7345,100,0.9412,100,2.8755,100,0.0949,100
dev3_r2_028000,0.032,100,,,,,0.4795,100,0.7408,100,0.9462,100,2.8962,100,0.0736,100
dev3_r2_032000,0.0369,100,,,,,0.4948,100,0.74,100,0.9427,100,2.8804,100,0.0785,100
dev3_r2_036000,0.0392,100,,,,,0.5066,100,0.7336,100,0.9417,100,2.8551,100,0.0915,100
dev3_r2_040000,0.0328,100,,,,,0.5028,100,0.7332,100,0.9422,100,2.8378,100,0.0745,100
dev3_r2_044000,0.0418,100,,,,,0.5008,100,0.7322,100,0.9464,100,2.8648,100,0.0965,100
dev3_r2_048000,0.0392,100,,,,,0.5018,100,0.7282,100,0.943,100,2.8663,100,0.0892,100
dev3_r2_052000,0.0402,100,,,,,0.5091,100,0.7404,100,0.94,100,2.8457,100,0.0824,100
dev3_r2_055590,0.0407,100,,,,,0.5085,100,0.7374,100,0.9428,100,2.8202,100,0.0912,100
dev3_r3p1_9200,0.0422,100,,,,,0.4084,100,0.7567,100,0.951,100,2.8594,100,0.0976,100
dev3_r3p_9200,0.0434,100,,,,,0.4725,100,0.7445,100,0.942,100,2.9008,100,0.099,100
dev_base,0.6756,100,,,,,,,0.6507,100,0.9199,100,3.0758,100,0.9435,100
dev_r1_lr2e-5_9159,0.0545,100,,,,,0.5509,100,0.728,100,0.9379,100,2.7546,100,0.1095,100
dev_r1_lr5e-5_6000,0.0453,100,,,,,0.5629,100,0.7313,100,0.9323,100,2.7574,100,0.1045,100
dev_r1_lr5e-5_9159,0.0408,100,,,,,0.5726,100,0.7313,100,0.9356,100,2.7774,100,0.0918,100
emo_base,0.7323,86,0.8605,86,0.8693,86,,,0.6076,86,0.8738,86,3.6597,86,0.9611,86
emo_dinhthuan,0.0029,86,0.3488,86,0.5941,86,0.7511,86,0.3875,86,0.7371,86,3.0791,86,0.0047,86
emo_r1_lr2e-5_9159,0.0104,86,0.4884,86,0.6634,86,,,0.4694,86,0.7164,86,3.0192,86,0.0245,86
emo_r1_lr5e-5_6000,0.0054,86,0.6163,86,0.665,86,,,0.4666,86,0.7101,86,2.9408,86,0.0131,86
emo_r1_lr5e-5_9159,0.0078,86,0.5698,86,0.6582,86,,,0.4643,86,0.7145,86,3.0081,86,0.0206,86
emo_r2_028000,0.0066,86,0.5116,86,0.648,86,,,0.4598,86,0.713,86,3.0141,86,0.0149,86
emo_r3p1_9200,0.0053,86,0.7209,86,0.7789,86,0.3963,86,0.5031,86,0.7343,86,3.1117,86,0.0108,86
emo_r3p_9200,0.0082,86,0.6163,86,0.6914,86,0.4343,86,0.4772,86,0.7277,86,2.9378,86,0.0184,86
test_base,0.7136,180,,,,,0.3303,180,0.6618,180,0.934,180,2.7921,180,0.9533,180
test_dinhthuan,0.0144,180,,,,,0.6223,180,0.6781,180,0.9305,180,2.2682,180,0.0315,180
test_r1_lr5e-5_9159,0.0407,180,,,,,0.337,180,0.7204,180,0.9481,180,2.5088,180,0.0958,180
test_r2_028000,0.0312,180,,,,,0.3351,180,0.7263,180,0.9501,180,2.5393,180,0.0718,180
